drug_id,target_id,predicted_score,rank
CHEMBL210928,Q05655,11.1256,1
CHEMBL210963,Q05655,11.1508,2
CHEMBL458997,Q05513,11.1535,3
CHEMBL377383,Q05513,11.1552,4
CHEMBL210928,Q05513,11.1565,5
CHEMBL377383,Q05655,11.1595,6
CHEMBL1996500,P05129,11.1624,7
CHEMBL1984038,P05129,11.1631,8
CHEMBL1984038,Q05513,11.1678,9
CHEMBL378627,Q05655,11.1695,10
CHEMBL210928,P05129,11.1764,11
CHEMBL210963,Q05513,11.1789,12
CHEMBL210928,P17612,11.1794,13
CHEMBL378627,P17612,11.1875,14
CHEMBL253969,P05129,11.1897,15
CHEMBL1996500,Q05513,11.1909,16
CHEMBL458997,Q05655,11.191,17
CHEMBL234085,Q05513,11.1937,18
CHEMBL1825138,P05129,11.1954,19
CHEMBL2000568,Q05513,11.1962,20
CHEMBL1825138,Q05655,11.1988,21
CHEMBL210963,P05129,11.2001,22
CHEMBL210963,P17612,11.2002,23
CHEMBL1990496,Q05513,11.2003,24
CHEMBL377383,P05129,11.2042,25
CHEMBL253969,Q05513,11.2048,26
CHEMBL1825138,Q05513,11.2073,27
CHEMBL1996500,Q05655,11.2085,28
CHEMBL1084546,Q05513,11.2126,29
CHEMBL378627,Q05513,11.2213,30
CHEMBL378627,P05129,11.2237,31
CHEMBL378627,P35968,11.227,32
CHEMBL377383,P35968,11.2272,33
CHEMBL377383,P17612,11.2295,34
CHEMBL2000568,Q05655,11.2319,35
CHEMBL2000568,P05129,11.2349,36
CHEMBL1990885,Q05513,11.2442,37
CHEMBL458997,P05129,11.257,38
CHEMBL210963,P49841,11.2629,39
CHEMBL210928,O94806,11.2754,40
CHEMBL1990496,P05129,11.2803,41
CHEMBL1984038,Q05655,11.2833,42
CHEMBL210928,P35968,11.285,43
CHEMBL1990885,P05129,11.286,44
CHEMBL253969,Q05655,11.2892,45
CHEMBL1996500,P35968,11.2927,46
CHEMBL377383,O94806,11.2945,47
CHEMBL1984038,O94806,11.2946,48
CHEMBL210928,P49841,11.3167,49
CHEMBL565612,P06239,11.3237,50
CHEMBL1990496,Q05655,11.3299,51
CHEMBL378627,O94806,11.3371,52
CHEMBL234085,Q05655,11.3391,53
CHEMBL1990885,Q05655,11.3479,54
CHEMBL210963,P35968,11.3576,55
CHEMBL378627,P49841,11.3795,56
CHEMBL234085,P06239,11.3839,57
CHEMBL1983945,O94806,11.3911,58
CHEMBL225519,P05129,11.3922,59
CHEMBL1983945,P35968,11.4008,60
CHEMBL458997,P49841,11.4018,61
CHEMBL234085,O94806,11.4039,62
CHEMBL210963,O94806,11.4099,63
CHEMBL1984038,P17612,11.4135,64
CHEMBL234085,P05129,11.4142,65
CHEMBL253969,P49841,11.4195,66
CHEMBL253969,O94806,11.4247,67
CHEMBL1996500,P17612,11.4437,68
CHEMBL592030,P35968,11.4498,69
CHEMBL1825138,P49841,11.459,70
CHEMBL1990496,P49841,11.4612,71
CHEMBL1984038,P35968,11.4637,72
CHEMBL225519,P35968,11.4689,73
CHEMBL2000568,P17612,11.471,74
CHEMBL2000568,P06239,11.4737,75
CHEMBL1990496,P35968,11.4785,76
CHEMBL2000568,O94806,11.4964,77
CHEMBL1996500,O94806,11.5006,78
CHEMBL225519,P06239,11.501,79
CHEMBL1982711,P06239,11.5039,80
CHEMBL234085,P49841,11.5234,81
CHEMBL1984038,P06239,11.5344,82
CHEMBL1982711,Q05513,11.5404,83
CHEMBL210963,P06239,11.5437,84
CHEMBL565612,P00533,11.5493,85
CHEMBL234085,P17612,11.5497,86
CHEMBL2000568,P49841,11.557,87
CHEMBL458997,P17612,11.565,88
CHEMBL225519,P17612,11.5765,89
CHEMBL377383,P49841,11.5817,90
CHEMBL210928,P06239,11.5821,91
CHEMBL1983945,Q05513,11.594,92
CHEMBL1996500,P49841,11.5959,93
CHEMBL1974328,P49841,11.5973,94
CHEMBL1983945,P05129,11.5993,95
CHEMBL1990496,P06239,11.6049,96
CHEMBL378627,P06239,11.6067,97
CHEMBL377383,P06239,11.6299,98
CHEMBL1996500,P06239,11.6344,99
CHEMBL225519,P00533,11.6417,100
CHEMBL592030,P06239,11.6558,101
CHEMBL1984038,P49841,11.6563,102
CHEMBL253969,P17612,11.6597,103
CHEMBL1984038,P00533,11.6672,104
CHEMBL1990496,P12931,11.6863,105
CHEMBL1825138,P35968,11.6895,106
CHEMBL1990885,P17612,11.7,107
CHEMBL377383,P00533,11.7034,108
CHEMBL210963,P12931,11.7035,109
CHEMBL565612,O94806,11.7037,110
CHEMBL377383,P12931,11.7115,111
CHEMBL1990496,P17612,11.7215,112
CHEMBL378627,P12931,11.7222,113
CHEMBL2000568,P00533,11.7316,114
CHEMBL592030,P12931,11.7377,115
CHEMBL210928,P12931,11.7382,116
CHEMBL2000568,P12931,11.7389,117
CHEMBL1984038,P12931,11.7417,118
CHEMBL225519,Q05513,11.755,119
CHEMBL565612,P12931,11.7553,120
CHEMBL1982711,P12931,11.7569,121
CHEMBL1990885,P49841,11.7573,122
CHEMBL1983945,P00533,11.7639,123
CHEMBL234085,P00533,11.7659,124
CHEMBL1983945,P12931,11.7709,125
CHEMBL1990885,P00533,11.7728,126
CHEMBL210928,P00533,11.7733,127
CHEMBL1996500,P12931,11.7779,128
CHEMBL210963,P00533,11.7837,129
CHEMBL1084546,P00533,11.7963,130
CHEMBL1825138,P00533,11.7993,131
CHEMBL234085,P12931,11.8067,132
CHEMBL1996500,P00533,11.8115,133
CHEMBL458997,P12931,11.812,134
CHEMBL1983945,P49841,11.8133,135
CHEMBL1974328,P06239,11.8158,136
CHEMBL378627,P00533,11.8257,137
CHEMBL253969,P00533,11.8431,138
CHEMBL1825138,P17612,11.8466,139
CHEMBL1982711,P00533,11.8507,140
CHEMBL1084546,Q05655,11.8568,141
CHEMBL1982711,P05129,11.8852,142
CHEMBL1974328,P00533,11.8874,143
CHEMBL1983945,P06239,11.8893,144
CHEMBL1990885,O94806,11.9024,145
CHEMBL225519,P12931,11.922,146
CHEMBL592030,P00533,11.9407,147
CHEMBL1084546,P05129,11.9505,148
CHEMBL234085,P35968,11.9965,149
CHEMBL1084546,P17612,12.011,150
CHEMBL1974328,Q05513,12.0113,151
CHEMBL1084546,O94806,12.0502,152
CHEMBL458997,P06239,12.0724,153
CHEMBL565612,P35968,12.075,154
CHEMBL1982711,Q05655,12.1342,155
CHEMBL2000568,P35968,12.1464,156
CHEMBL565612,P17612,12.1556,157
CHEMBL225519,O94806,12.1856,158
CHEMBL225519,Q05655,12.1906,159
CHEMBL1825138,P12931,12.1938,160
CHEMBL1084546,P12931,12.2245,161
CHEMBL1825138,O94806,12.2313,162
CHEMBL1982711,P49841,12.2737,163
CHEMBL1990496,P00533,12.2748,164
CHEMBL1983945,Q05655,12.2996,165
CHEMBL1990885,P12931,12.3524,166
CHEMBL1982711,P35968,12.357,167
CHEMBL1974328,P35968,12.3658,168
CHEMBL458997,P35968,12.3729,169
CHEMBL565612,P49841,12.389,170
CHEMBL253969,P06239,12.3959,171
CHEMBL1084546,P06239,12.398,172
CHEMBL1990885,P06239,12.445,173
CHEMBL1084546,P35968,12.4639,174
CHEMBL1982711,O94806,12.4737,175
CHEMBL592030,Q05655,12.5518,176
CHEMBL458997,O94806,12.5524,177
CHEMBL592030,O94806,12.5552,178
CHEMBL592030,P49841,12.5604,179
CHEMBL565612,Q05513,12.6476,180
CHEMBL1974328,P17612,12.7709,181
CHEMBL592030,P05129,12.7755,182
CHEMBL1974328,P12931,12.8205,183
CHEMBL1974328,Q05655,12.9231,184
CHEMBL1825138,P06239,12.9292,185
CHEMBL253969,P12931,12.9382,186
CHEMBL1982711,P17612,13.0121,187
CHEMBL1084546,P49841,13.1282,188
CHEMBL225519,P49841,13.1361,189
CHEMBL1974328,P05129,13.1791,190
CHEMBL1974328,O94806,13.1985,191
CHEMBL592030,Q05513,13.4804,192
CHEMBL458997,P00533,13.5438,193
CHEMBL592030,P17612,13.5467,194
CHEMBL565612,P05129,13.8495,195
CHEMBL1983945,P17612,13.9022,196
CHEMBL1990885,P35968,13.9124,197
CHEMBL1990496,O94806,13.9861,198
CHEMBL253969,P35968,14.3124,199
CHEMBL565612,Q05655,14.9313,200
