epoch,train_loss,val_loss,lr,epoch_time
1,4.112181548653422,0.6309948785507933,0.001,143.50011491775513
2,0.8903624363847681,0.5816803834539779,0.001,153.82601642608643
3,0.8215096438253248,0.46946433376758656,0.001,149.354318857193
4,0.75668586428101,0.46343899787740506,0.001,148.7737398147583
5,0.7274729060965616,0.45876623214559353,0.001,151.07332277297974
6,0.6924677433999809,0.41481813725004807,0.001,148.61392259597778
7,0.6641115927212947,0.4450453393002774,0.001,148.45507550239563
8,0.6357201895198307,0.4922563966284407,0.001,144.78699445724487
9,0.6259552825141598,0.3517123555883448,0.001,147.45191311836243
10,0.600500153689771,0.3522056756501502,0.001,154.5670988559723
11,0.591774181739704,0.501704086648657,0.001,149.36277437210083
12,0.5764382811011495,0.32497830974294784,0.001,170.58397221565247
13,0.5577885182322683,0.33236390922931913,0.001,152.21140384674072
14,0.5435067108354052,0.4541756593166514,0.001,163.8257122039795
15,0.5244185130338411,0.330017995961169,0.001,161.11148118972778
16,0.5174117169670156,0.32365565319010553,0.001,158.60205841064453
17,0.5131182987142253,0.3279967396817309,0.001,153.63556909561157
18,0.49706503789167145,0.30334146732979633,0.001,153.5488257408142
19,0.4848188359995146,0.29174026085975324,0.001,154.1526095867157
20,0.4771447934814402,0.3005604411059238,0.001,183.79593110084534
21,0.4669784996960614,0.30145547523143446,0.001,198.99837255477905
22,0.45635500381121763,0.2938026963396275,0.001,166.1871862411499
23,0.4574728380989384,0.28282446334970757,0.001,176.59262108802795
24,0.445186167311024,0.2807316872033667,0.001,166.85150504112244
25,0.4418097838356688,0.2779508797412223,0.001,151.55268359184265
26,0.4319998977957545,0.2762346879598942,0.001,150.43979930877686
27,0.42218938784019366,0.27065201737779254,0.001,150.75510549545288
28,0.41435569887225693,0.28304168138098207,0.001,150.32816314697266
29,0.40999766805687465,0.27219435667738,0.001,156.40748572349548
30,0.40182277129308597,0.2782793986670514,0.001,154.0202980041504
31,0.3914553717986957,0.2671004917393339,0.001,161.72585082054138
32,0.39023583193083067,0.267902081634136,0.001,154.66579961776733
33,0.38411846599868826,0.25831951835054034,0.001,155.2496781349182
34,0.37755487814948363,0.24874693947903653,0.001,158.7776277065277
35,0.36808295165364807,0.2504380871640875,0.001,155.34804272651672
36,0.36204335109607594,0.25661469647224916,0.001,154.17121863365173
37,0.3597473480008744,0.2502856948908339,0.001,154.46202778816223
38,0.3539504885270789,0.24980217503740432,0.001,155.4370403289795
39,0.34860468506813047,0.24912007596898586,0.001,155.49318957328796
40,0.3403700319093627,0.24151312385467774,0.001,155.17939257621765
41,0.33535724781654974,0.24370500699002692,0.001,154.20746541023254
42,0.3333405161628852,0.24403334488259984,0.001,155.39452743530273
43,0.3234419010780953,0.24274567926817753,0.001,154.9265420436859
44,0.3227025503242338,0.24107073152318914,0.001,154.9277467727661
45,0.31967672133767927,0.2338145483047404,0.001,155.06570100784302
46,0.31357810167041983,0.23002461407412875,0.001,162.39998245239258
47,0.3115468821010074,0.22817939630848297,0.001,161.15017414093018
48,0.30591510602751293,0.2322204940496607,0.001,161.1162338256836
49,0.3017900460877934,0.24016469780434954,0.001,162.86928391456604
50,0.2961456447437003,0.23047605537353677,0.001,161.0623378753662
51,0.2951128508190851,0.22421435504517656,0.001,167.7976315021515
52,0.29124962739847804,0.23462411729579277,0.001,159.66237592697144
53,0.28983648258286554,0.2248305139389444,0.001,152.03480315208435
54,0.28313227191164686,0.22409594724787044,0.001,150.28474473953247
55,0.2822192270610784,0.22182874571769795,0.001,147.90334248542786
56,0.2765453211359076,0.22759048228568218,0.001,144.1253981590271
57,0.27327404183310433,0.2205577327850017,0.001,144.7832658290863
58,0.27123360480811143,0.2185596798328643,0.001,143.81708598136902
59,0.26885536860775305,0.21451566764648924,0.001,143.7705855369568
60,0.2663466678277866,0.22329738672743452,0.001,144.81520342826843
61,0.263594481510085,0.2182607371756371,0.001,143.43513464927673
62,0.2601531390402768,0.21140772104263306,0.001,143.54032397270203
63,0.2537508132892686,0.214253361554856,0.001,141.42113828659058
64,0.25510208308696747,0.2154833141793596,0.001,144.0456988811493
65,0.25216210319383725,0.2143672711037575,0.001,144.91324830055237
66,0.24766267981078174,0.2102448413980768,0.001,144.12307953834534
67,0.24700101537478936,0.21807852704474268,0.001,144.05080795288086
68,0.24705932982064582,0.2222315399570668,0.001,146.39266276359558
69,0.24307148899580983,0.2109055573001821,0.001,129.3662667274475
70,0.2395221909558451,0.21757273058942023,0.001,138.66417598724365
71,0.23806833858425552,0.21975708641904465,0.001,145.25110030174255
72,0.23685304486268274,0.2209055610793702,0.001,146.90494775772095
73,0.2328639763029846,0.21024985326097367,0.001,144.20905923843384
74,0.23007895209499307,0.20501516791100197,0.001,144.5603368282318
75,0.22717467482025558,0.20655705224960408,0.001,145.1400284767151
76,0.22815809725104153,0.21129758624320336,0.001,144.4287667274475
77,0.2259193806229411,0.20016591663056232,0.001,145.36433815956116
78,0.22327168120725735,0.21224310106419503,0.001,145.03344011306763
79,0.22137836519930815,0.21426676847833268,0.001,147.11295580863953
80,0.22058841449183386,0.20341785695958645,0.001,144.18329310417175
81,0.2166858981187279,0.2050154874933527,0.001,145.54758381843567
82,0.21542645310227934,0.20424623819107704,0.001,144.88952112197876
83,0.21387193770827473,0.19933465091471977,0.001,145.18704748153687
84,0.20976852963905077,0.2063713495401626,0.001,144.70439672470093
85,0.20883732248802442,0.21202709002697723,0.001,144.68818187713623
86,0.20633114878390285,0.20484886778161882,0.001,145.16017770767212
87,0.2075212449640841,0.2022238443506525,0.001,144.71405482292175
88,0.206613895941425,0.19846602576844236,0.001,144.44175672531128
89,0.2039589290683334,0.1991581755115631,0.001,144.72901272773743
90,0.20261432278800656,0.19691288819972505,0.001,144.58952593803406
91,0.20180792993790395,0.20537211872795794,0.001,144.78245902061462
92,0.2013751530163997,0.19488309038446305,0.001,145.61735248565674
93,0.19617578230194144,0.1972943236853214,0.001,146.13639545440674
94,0.1968699630853292,0.19216390271136102,0.001,155.1928505897522
95,0.19254359373369734,0.19784068649119518,0.001,146.29159808158875
96,0.19323031825793757,0.1975453644990921,0.001,146.90794610977173
97,0.19303733291658196,0.19196133838689072,0.001,145.45549058914185
98,0.1887924766822441,0.19434011283707112,0.001,145.33440232276917
99,0.18778464367260805,0.19431097107998868,0.001,145.44576811790466
100,0.18664337809424142,0.19448169796390735,0.001,144.687561750412
101,0.18594904791664432,0.1977031647841981,0.001,144.73484444618225
102,0.18548127110745455,0.19223418673302264,0.001,145.28060722351074
103,0.1855090291918935,0.1952907714120885,0.001,144.89712357521057
104,0.1802350187221089,0.20096269281620674,0.001,144.86820316314697
105,0.18338274971858876,0.19818178231411793,0.001,145.2516450881958
106,0.1783484133312831,0.18749662567960454,0.001,144.62050080299377
107,0.17719010090505755,0.19146807349108635,0.001,145.3291642665863
108,0.1761642929669973,0.1872010368933069,0.001,143.7133858203888
109,0.17633972908999468,0.1902274565493807,0.001,142.46895027160645
110,0.17765424338144226,0.19282704877092482,0.001,139.65304923057556
111,0.17415874705121323,0.19109736763416452,0.001,141.0196967124939
112,0.1720811404489182,0.1941862534335319,0.001,143.23795986175537
113,0.17226004850220036,0.19063841535689982,0.001,140.80482959747314
114,0.16892652636444247,0.1856781209402896,0.001,143.84155106544495
115,0.16889251645755124,0.1890469857669891,0.001,138.3279857635498
116,0.16782124590229344,0.19127026945352554,0.001,141.22543025016785
117,0.16570945645909052,0.19012817169757598,0.001,141.64845299720764
118,0.1654308472533484,0.19685925194557677,0.001,141.17043828964233
119,0.16395367865224142,0.2010891821156157,0.001,141.3959300518036
120,0.16436793902838553,0.18977955649507808,0.001,143.07136011123657
121,0.1610120806742359,0.18609193918552805,0.001,141.21198225021362
122,0.1623183637857437,0.18771186788031397,0.001,141.60097789764404
123,0.16079717214043077,0.1947479121228482,0.001,142.1114683151245
124,0.15770058913810833,0.1875126100283988,0.001,142.5956974029541
125,0.1582883493521729,0.18854472405732947,0.001,141.3081886768341
126,0.14045334587226044,0.17351225779411641,0.0005,141.5606529712677
127,0.1335981630795711,0.1726075366456458,0.0005,141.96878218650818
128,0.1319998525284432,0.18384200271139753,0.0005,141.41903448104858
129,0.13125876504424455,0.17566760550154017,0.0005,140.32596158981323
130,0.13074866551402453,0.17352965965549996,0.0005,141.27428817749023
131,0.12926730153125685,0.1749987191659339,0.0005,140.2042350769043
132,0.1277394106259217,0.17118287308419006,0.0005,140.61037969589233
133,0.12744220936217823,0.17216987574988224,0.0005,142.30006790161133
134,0.1268845297396183,0.17279028210868227,0.0005,141.67120361328125
135,0.12732678486688717,0.17237184022335297,0.0005,141.91771578788757
136,0.12578074464926847,0.17189328531001477,0.0005,141.26796698570251
137,0.125047729365729,0.17047857905321934,0.0005,142.52666020393372
138,0.1243287154750244,0.17634176875048496,0.0005,140.27432465553284
139,0.12415387028375187,0.17230770594262063,0.0005,140.99901747703552
140,0.12291402063659719,0.17360319260587084,0.0005,147.42139887809753
141,0.12245016422223401,0.1777477854109825,0.0005,147.7700641155243
142,0.12230212299807651,0.1729723430694418,0.0005,145.54524207115173
143,0.12147234549393525,0.17406563444974574,0.0005,147.77545499801636
144,0.1213717380689608,0.17190758868100794,0.0005,146.03886675834656
145,0.12056767964685286,0.17535395714196753,0.0005,143.6158366203308
146,0.12101216493426142,0.17303947517846494,0.0005,147.11379098892212
147,0.11972959110060254,0.17349461164880306,0.0005,146.194730758667
148,0.11948877188402253,0.1743531512453201,0.0005,148.32306098937988
149,0.1116616194715371,0.1735306814947027,0.00025,147.95759177207947
150,0.10796878950015919,0.1699272687447832,0.00025,148.00283479690552
151,0.10803390632610063,0.17121072509821425,0.00025,149.69202876091003
152,0.1074499280166787,0.17130639039455575,0.00025,141.19457697868347
153,0.10661524121423026,0.16854168221037438,0.00025,141.61971950531006
154,0.10618349994356568,0.1687751553477125,0.00025,142.07359194755554
155,0.10447535784663381,0.16965036759985255,0.00025,142.14270043373108
156,0.10471163186672572,0.16843112938581628,0.00025,143.0101010799408
157,0.10407020747661591,0.17025940881130544,0.00025,143.52810192108154
158,0.10436153331318417,0.1696618343604372,0.00025,141.55852055549622
159,0.10451388332892109,0.16836679235417792,0.00025,142.18272137641907
160,0.1039545840105495,0.17006966344853666,0.00025,140.44381833076477
161,0.10341987785052609,0.1677324687863918,0.00025,140.38273906707764
162,0.10265740428019214,0.16902030100847812,0.00025,142.1288673877716
163,0.10267837246930277,0.16860115417140595,0.00025,141.22242164611816
164,0.10311611473963067,0.16796084112943488,0.00025,141.22329425811768
165,0.10153520953010868,0.1673851953224933,0.00025,139.94447350502014
166,0.10212129241711385,0.16773245198295472,0.00025,142.5055227279663
167,0.10175473311462918,0.16821496727618765,0.00025,143.1653037071228
168,0.10094291529542691,0.1704807920341796,0.00025,144.81817197799683
169,0.10086845709262668,0.16702193021774292,0.00025,144.8461570739746
170,0.10064771688870482,0.1677212601012372,0.00025,145.55401515960693
171,0.09976980418369577,0.16983508683265525,0.00025,147.34474396705627
172,0.09998240871606646,0.16854496902607857,0.00025,150.80718970298767
173,0.09990198056440096,0.16820739130390452,0.00025,144.24243426322937
174,0.09877730765052743,0.1678210403373901,0.00025,143.26568365097046
175,0.09846289182031477,0.16779872806782417,0.00025,143.95241165161133
176,0.09879557260790386,0.1698716238458106,0.00025,143.55485653877258
177,0.09826455724400443,0.16852870298192857,0.00025,143.35974383354187
178,0.09864371533732157,0.16762041379796697,0.00025,143.22609090805054
179,0.0971576111542212,0.16882886055936205,0.00025,142.81605195999146
180,0.0974262920283788,0.16685125421970448,0.00025,143.99901962280273
181,0.09671788936531221,0.16488288628294112,0.00025,145.64299297332764
182,0.09710918781725136,0.17054932532792397,0.00025,144.5191628932953
183,0.09637879389967467,0.16817674801704732,0.00025,148.2549431324005
184,0.09641152624342893,0.16782707071050684,0.00025,145.6767156124115
185,0.0954592556667489,0.1679023027102998,0.00025,146.0732228755951
186,0.09629674221615533,0.17076688703704387,0.00025,144.61173176765442
187,0.09546436942308335,0.16920018608265736,0.00025,145.23581075668335
188,0.09484884267723238,0.1682926907818368,0.00025,145.63688850402832
189,0.09523094087033658,0.16768851622622064,0.00025,145.11419820785522
190,0.09455321145218772,0.16883586553183008,0.00025,145.79386162757874
191,0.09379043597224597,0.16954679612783677,0.00025,145.96771693229675
192,0.09365502004889217,0.168364738688824,0.00025,144.99705529212952
193,0.09063843847126574,0.1663971316624195,0.000125,144.51282811164856
194,0.08996702239320085,0.16758747747603883,0.000125,146.04568576812744
195,0.08830506743208782,0.16776622768412244,0.000125,145.6290135383606
196,0.08828844938527894,0.16781428567272552,0.000125,150.05775332450867
197,0.0886625851630359,0.167922391694911,0.000125,151.3588161468506
198,0.08858617681103784,0.1677182567246417,0.000125,157.74974846839905
199,0.08866147199595296,0.16682820275742957,0.000125,155.44869136810303
200,0.08706168181992865,0.16710585878884537,0.000125,156.67340087890625
