experiment_id,timestamp,model,dataset,representation,split,seed,hyperparameters,training_time_sec,inference_time_sec,num_parameters,notes,rmse,mae,mse,pearson,pearson_pvalue,spearman,spearman_pvalue,r2,ci,n_samples
EXP_20260930_190700_827043,2026-09-30T19:07:00.923011,MeanPredictor,KIBA,descriptors+fingerprints+aac+dpc,random,42,{},0.0,0.0,,,0.841,0.5945,0.7074,,,,,-0.0,0.5,11826
EXP_20260930_190702_926c53,2026-09-30T19:07:02.435921,Ridge,KIBA,descriptors+fingerprints+aac+dpc,random,42,{},1.3,0.083,,,0.6547,0.4475,0.4286,0.6282,0.0,0.6208,0.0,0.394,0.7386,11826
EXP_20260930_194012_b09854,2026-09-30T19:40:12.550370,RandomForest,KIBA,descriptors+fingerprints+aac+dpc,random,42,{},1984.3,5.6014,,,0.487,0.2933,0.2371,0.8197,0.0,0.8227,0.0,0.6647,0.8445,11826
EXP_20260930_195224_3ebe60,2026-09-30T19:52:24.946706,XGBoost,KIBA,descriptors+fingerprints+aac+dpc,random,42,"{""n_estimators"": 1000, ""max_depth"": 7, ""learning_rate"": 0.1, ""subsample"": 0.8, ""colsample_bytree"": 0.8, ""reg_alpha"": 0.01, ""reg_lambda"": 1.0, ""min_child_weight"": 5}",71.07736492156982,0.2891082763671875,,,0.4346,0.2804,0.1889,0.8572,0.0,0.8383,0.0,0.733,0.8497,11826
EXP_20261001_065814_dd127a,2026-10-01T06:58:14.500576,DeepDTA,KIBA,smiles_encoding+seq_encoding,random,42,"{""drug_vocab_size"": 63, ""protein_vocab_size"": 21, ""drug_embed_dim"": 128, ""protein_embed_dim"": 128, ""num_filters"": 32, ""drug_filter_sizes"": [4, 6, 8], ""protein_filter_sizes"": [4, 8, 12], ""fc_dims"": [1024, 512], ""dropout"": 0.2, ""drug_max_len"": 100, ""protein_max_len"": 1000}",29557.728141784668,,,,0.4249,0.247,0.1806,0.8638,0.0,0.8521,0.0,0.7447,0.8657,11826
EXP_20261001_182059_61f56b,2026-10-01T18:20:59.197170,GraphDTA_GCN,KIBA,molecular_graph+seq_encoding,random,42,"{""node_feature_dim"": 30, ""gnn_hidden_dim"": 128, ""gnn_output_dim"": 128, ""gnn_layers"": 3, ""gnn_type"": ""gcn"", ""protein_embed_dim"": 128, ""protein_num_filters"": 32, ""fc_dims"": [512, 256], ""dropout"": 0.2}",39954.900877952576,,,,0.4303,0.2648,0.1852,0.8598,0.0,0.8403,0.0,0.7382,0.8561,11826
EXP_20261001_205740_e9971c,2026-10-01T20:57:40.878249,XGBoost_Tuned,KIBA,descriptors+fingerprints+aac+dpc,random,42,"{""n_estimators"": 1800, ""max_depth"": 10, ""learning_rate"": 0.06415652226187242, ""subsample"": 0.6596706970532801, ""colsample_bytree"": 0.8973132418602232, ""reg_alpha"": 0.05435398414327532, ""reg_lambda"": 0.16206526229396742, ""min_child_weight"": 3}",326.3441159725189,,,,0.4206,0.2624,0.1769,0.8667,0.0,0.8503,0.0,0.7499,0.8595,11826
EXP_20261001_211055_2b4d82,2026-10-01T21:10:55.939779,XGBoost,KIBA,,cold_drug,42,{},,,,,0.5744,0.3753,0.3299,0.7523,0.0,0.7197,0.0,0.5613,0.7861,10908
EXP_20261001_215035_4c1728,2026-10-01T21:50:35.363560,RandomForest,KIBA,,cold_drug,42,{},,,,,0.5807,0.365,0.3372,0.743,0.0,0.7362,0.0,0.5516,0.7986,10908
EXP_20261001_215911_65edf9,2026-10-01T21:59:11.581384,XGBoost,KIBA,,cold_target,42,{},,,,,0.5925,0.4434,0.351,0.6516,0.0,0.5119,0.0,0.408,0.6976,11237
EXP_20261001_223750_1044d3,2026-10-01T22:37:50.832772,RandomForest,KIBA,,cold_target,42,{},,,,,0.6837,0.494,0.4674,0.5123,0.0,0.4752,0.0,0.2118,0.682,11237
